<assembly xmlns="http://maven.apache.org/plugins/maven-assembly-plugin/assembly/1.1.0"
  xmlns:xsi="http://www.w3.org/2001/XMLSchema-instance"
  xsi:schemaLocation="http://maven.apache.org/plugins/maven-assembly-plugin/assembly/1.1.0 http://maven.apache.org/xsd/assembly-1.1.0.xsd">
  <id>src</id>
  <formats>
    <format>tar.gz</format>
    <format>zip</format>
  </formats>
  <fileSets>
    <fileSet>
      <directory>${project.basedir}</directory>
      <outputDirectory>/</outputDirectory>
      <includes>
        <include>README*</include>
        <include>LICENSE*</include>
        <include>NOTICE*</include>
        <include>pom.xml</include>
      </includes>
    </fileSet>

    <fileSet>
      <directory>${project.basedir}/samples</directory>
      <outputDirectory>samples</outputDirectory>
      <includes>
        <include>*.txt</include>
      </includes>
    </fileSet>

    <fileSet>
      <directory>${project.basedir}/assemblies</directory>
      <outputDirectory>assemblies</outputDirectory>
      <includes>
        <include>*.xml</include>
      </includes>
    </fileSet>


    <fileSet>
      <directory>${project.basedir}/src</directory>
      <useDefaultExcludes>true</useDefaultExcludes>
      <excludes>
        <exclude>site/*</exclude>
      </excludes>
    </fileSet>

  </fileSets>
</assembly>